"[ 0.  0.  0. ...,  0.  0.  0.]","[ 0.  0.  0. ...,  0.  0.  0.]","[ 0.  0.  0. ...,  0.  0.  0.]","[ 0.  0.  0. ...,  0.  0.  0.]"
"[ 0.  0.  0. ...,  0.  0.  0.]","[ nan  nan  nan ...,  nan  nan  nan]","[-inf -inf -inf ..., -inf -inf -inf]","[ 0.  0.  0. ...,  0.  0.  0.]"
"[  0.00000000e+00   1.69134251e-10   2.58605646e-09 ...,   2.58605646e-09
   1.69134251e-10   0.00000000e+00]","[ 0.          0.96720943  1.92634245 ...,  1.92634245  0.96720943  0.        ]","[        -inf   5.42884436   7.11944724 ...,  28.59438688  28.59456983
  28.59475276]","[  0.00000000e+00   9.71247636e-01   1.94249527e+00 ...,   1.29480260e+04
   1.29489972e+04   1.29499685e+04]"
"[  0.00000000e+00   1.73717615e-08   2.45806107e-07 ...,   2.45806107e-07
   1.73717615e-08   0.00000000e+00]","[ 0.          3.14816691  6.28894887 ...,  6.28894887  3.14816691  0.        ]","[        -inf   8.29998186   9.99058474 ...,  31.46552438  31.46570733
  31.46589026]","[  0.00000000e+00   3.15185939e+00   6.30371879e+00 ...,   4.20184882e+04
   4.20216401e+04   4.20247919e+04]"
"[  0.00000000e+00   5.02161748e-08   5.20618120e-07 ...,   5.20618114e-07
   5.02161742e-08   0.00000000e+00]","[ 0.          4.02507684  7.51764687 ...,  7.51764678  4.02507679  0.        ]","[        -inf   9.05267504  10.74327792 ...,  32.21821756  32.21840051
  32.21858344]","[  0.00000000e+00   4.29133025e+00   8.58266050e+00 ...,   5.72091540e+04
   5.72134453e+04   5.72177367e+04]"
"[  0.00000000e+00   1.24968047e-07   1.14680101e-06 ...,   1.14680100e-06
   1.24968045e-07   0.00000000e+00]","[ 0.          5.005861    8.81024953 ...,  8.81024941  5.00586093  0.        ]","[        -inf   9.70474142  11.3953443  ...,  32.87028394  32.87046689
  32.87064982]","[  0.00000000e+00   5.60659724e+00   1.12131945e+01 ...,   7.47434167e+04
   7.47490233e+04   7.47546299e+04]"
"[  0.00000000e+00   1.59022605e-07   1.13211082e-06 ...,   1.13211081e-06
   1.59022603e-07   0.00000000e+00]","[ 0.          5.20117581  8.32464921 ...,  8.32464911  5.20117574  0.        ]","[        -inf   9.96581588  11.65641876 ...,  33.1313584   33.13154135
  33.13172428]","[  0.00000000e+00   6.24002701e+00   1.24800540e+01 ...,   8.31878801e+04
   8.31941201e+04   8.32003601e+04]"
"[  0.00000000e+00   2.59583609e-07   1.91642875e-06 ...,   1.91642873e-06
   2.59583606e-07   0.00000000e+00]","[ 0.          5.93272874  9.54175051 ...,  9.54175039  5.93272866  0.        ]","[        -inf  10.27885713  11.96946001 ...,  33.44439965  33.4445826
  33.44476553]","[  0.00000000e+00   7.09458222e+00   1.41891644e+01 ...,   9.45802404e+04
   9.45873350e+04   9.45944295e+04]"
"[  0.00000000e+00   2.64170807e-07   1.56239374e-06 ...,   1.56239373e-06
   2.64170805e-07   0.00000000e+00]","[ 0.          5.87405266  8.76641014 ...,  8.76641006  5.8740526   0.        ]","[        -inf  10.37006221  12.06066509 ...,  33.53560473  33.53578768
  33.53597061]","[  0.00000000e+00   7.36490026e+00   1.47298005e+01 ...,   9.81839403e+04
   9.81913052e+04   9.81986701e+04]"
"[  0.00000000e+00   3.34161760e-07   2.22850306e-06 ...,   2.22850304e-06
   3.34161757e-07   0.00000000e+00]","[ 0.          6.29488118  9.7190614  ...,  9.7190613   6.29488111  0.        ]","[        -inf  10.48814349  12.17874637 ...,  33.65368601  33.65386896
  33.65405189]","[  0.00000000e+00   7.73023167e+00   1.54604633e+01 ...,   1.03054295e+05
   1.03062025e+05   1.03069756e+05]"
"[  0.00000000e+00   2.94354320e-07   1.65632532e-06 ...,   1.65632531e-06
   2.94354318e-07   0.00000000e+00]","[ 0.          6.02891069  8.82980603 ...,  8.82980596  6.02891064  0.        ]","[        -inf  10.46043784  12.15104072 ...,  33.62598036  33.62616331
  33.62634624]","[  0.00000000e+00   7.64291837e+00   1.52858367e+01 ...,   1.01890292e+05
   1.01897935e+05   1.01905578e+05]"
"[  0.00000000e+00   3.43099484e-07   2.24964048e-06 ...,   2.24964046e-06
   3.43099481e-07   0.00000000e+00]","[ 0.          6.33162235  9.70922013 ...,  9.70922004  6.33162229  0.        ]","[        -inf  10.51275641  12.20335929 ...,  33.67829893  33.67848187
  33.67866481]","[  0.00000000e+00   7.80863464e+00   1.56172693e+01 ...,   1.04099511e+05
   1.04107320e+05   1.04115129e+05]"
"[  0.00000000e+00   2.97302405e-07   1.67081464e-06 ...,   1.67081463e-06
   2.97302403e-07   0.00000000e+00]","[ 0.          6.04432342  8.84512216 ...,  8.84512208  6.04432336  0.        ]","[        -inf  10.46781989  12.15842276 ...,  33.63336241  33.63354535
  33.63372829]","[  0.00000000e+00   7.66608575e+00   1.53321715e+01 ...,   1.02199145e+05
   1.02206811e+05   1.02214477e+05]"
"[  0.00000000e+00   3.36744903e-07   2.20246096e-06 ...,   2.20246095e-06
   3.36744900e-07   0.00000000e+00]","[ 0.          6.29848935  9.64718932 ...,  9.64718923  6.29848928  0.        ]","[        -inf  10.50172096  12.19232384 ...,  33.66726348  33.66744643
  33.66762936]","[  0.00000000e+00   7.77338403e+00   1.55467681e+01 ...,   1.03629574e+05
   1.03637347e+05   1.03645120e+05]"
"[  0.00000000e+00   2.94211633e-07   1.66976328e-06 ...,   1.66976327e-06
   2.94211631e-07   0.00000000e+00]","[ 0.          6.03019225  8.85132265 ...,  8.85132258  6.0301922   0.        ]","[        -inf  10.45782117  12.14842405 ...,  33.62336369  33.62354664
  33.62372958]","[  0.00000000e+00   7.63472318e+00   1.52694464e+01 ...,   1.01781040e+05
   1.01788674e+05   1.01796309e+05]"
"[  0.00000000e+00   3.28764979e-07   2.14935945e-06 ...,   2.14935943e-06
   3.28764976e-07   0.00000000e+00]","[ 0.          6.25779014  9.58328444 ...,  9.58328436  6.25779009  0.        ]","[        -inf  10.48615694  12.17675982 ...,  33.65169946  33.65188241
  33.65206534]","[  0.00000000e+00   7.72393807e+00   1.54478761e+01 ...,   1.02970393e+05
   1.02978117e+05   1.02985841e+05]"
"[  0.00000000e+00   2.90854436e-07   1.66881998e-06 ...,   1.66881997e-06
   2.90854434e-07   0.00000000e+00]","[ 0.          6.01485269  8.85918219 ...,  8.85918212  6.01485264  0.        ]","[        -inf  10.44673972  12.1373426  ...,  33.61228224  33.61246519
  33.61264812]","[  0.00000000e+00   7.60011429e+00   1.52002286e+01 ...,   1.01319657e+05
   1.01327257e+05   1.01334857e+05]"
"[  0.00000000e+00   3.22017467e-07   2.10347606e-06 ...,   2.10347604e-06
   3.22017465e-07   0.00000000e+00]","[ 0.          6.22276085  9.52776032 ...,  9.52776024  6.2227608   0.        ]","[        -inf  10.47276407  12.16336695 ...,  33.63830659  33.63848954
  33.63867247]","[  0.00000000e+00   7.68164155e+00   1.53632831e+01 ...,   1.02406524e+05
   1.02414206e+05   1.02421887e+05]"
"[  0.00000000e+00   2.88287630e-07   1.67027878e-06 ...,   1.67027877e-06
   2.88287628e-07   0.00000000e+00]","[ 0.          6.0034552   8.86944819 ...,  8.86944811  6.00345514  0.        ]","[        -inf  10.43776058  12.12836346 ...,  33.6033031   33.60348605
  33.60366898]","[  0.00000000e+00   7.57218630e+00   1.51443726e+01 ...,   1.00947340e+05
   1.00954912e+05   1.00962484e+05]"
"[  0.00000000e+00   3.16677673e-07   2.06562364e-06 ...,   2.06562362e-06
   3.16677670e-07   0.00000000e+00]","[ 0.          6.19443429  9.48094056 ...,  9.48094048  6.19443423  0.        ]","[        -inf  10.46218598  12.15278886 ...,  33.6277285   33.62791145
  33.62809438]","[  0.00000000e+00   7.64839830e+00   1.52967966e+01 ...,   1.01963347e+05
   1.01970996e+05   1.01978644e+05]"
"[  0.00000000e+00   2.86465274e-07   1.67359119e-06 ...,   1.67359118e-06
   2.86465272e-07   0.00000000e+00]","[ 0.          5.9957368   8.88104943 ...,  8.88104936  5.99573674  0.        ]","[        -inf  10.43091033  12.12151321 ...,  33.59645285  33.59663579
  33.59681873]","[  0.00000000e+00   7.55094888e+00   1.51018978e+01 ...,   1.00664216e+05
   1.00671767e+05   1.00679318e+05]"
"[  0.00000000e+00   3.12445204e-07   2.03433692e-06 ...,   2.03433690e-06
   3.12445202e-07   0.00000000e+00]","[ 0.          6.17152744  9.44134672 ...,  9.44134664  6.17152739  0.        ]","[        -inf  10.45387526  12.14447814 ...,  33.61941778  33.61960073
  33.61978366]","[  0.00000000e+00   7.62238153e+00   1.52447631e+01 ...,   1.01616509e+05
   1.01624131e+05   1.01631754e+05]"
"[  0.00000000e+00   2.85183809e-07   1.67797021e-06 ...,   1.67797020e-06
   2.85183807e-07   0.00000000e+00]","[ 0.          5.99065956  8.89304859 ...,  8.89304852  5.9906595   0.        ]","[        -inf  10.42568683  12.11628971 ...,  33.59122935  33.5914123
  33.59159523]","[  0.00000000e+00   7.53479482e+00   1.50695896e+01 ...,   1.00448861e+05
   1.00456396e+05   1.00463931e+05]"
"[  0.00000000e+00   3.09031657e-07   2.00815264e-06 ...,   2.00815263e-06
   3.09031654e-07   0.00000000e+00]","[ 0.          6.15272917  9.40753871 ...,  9.40753863  6.15272911  0.        ]","[        -inf  10.44724502  12.13784789 ...,  33.61278754  33.61297048
  33.61315342]","[  0.00000000e+00   7.60168898e+00   1.52033780e+01 ...,   1.01340650e+05
   1.01348251e+05   1.01355853e+05]"
"[  0.00000000e+00   2.84275596e-07   1.68285380e-06 ...,   1.68285379e-06
   2.84275593e-07   0.00000000e+00]","[ 0.          5.9873721   8.90486868 ...,  8.90486861  5.98737204  0.        ]","[        -inf  10.42164208  12.11224496 ...,  33.5871846   33.58736754
  33.58755048]","[  0.00000000e+00   7.52230985e+00   1.50446197e+01 ...,   1.00282420e+05
   1.00289942e+05   1.00297465e+05]"
"[  0.00000000e+00   3.06227109e-07   1.98595309e-06 ...,   1.98595308e-06
   3.06227107e-07   0.00000000e+00]","[ 0.          6.13705478  9.37838915 ...,  9.37838907  6.13705472  0.        ]","[        -inf  10.44185708  12.13245996 ...,  33.6073996   33.60758255
  33.60776548]","[  0.00000000e+00   7.58491498e+00   1.51698300e+01 ...,   1.01117030e+05
   1.01124615e+05   1.01132200e+05]"
"[  0.00000000e+00   2.83625381e-07   1.68789555e-06 ...,   1.68789554e-06
   2.83625379e-07   0.00000000e+00]","[ 0.          5.98529171  8.91619775 ...,  8.91619768  5.98529166  0.        ]","[        -inf  10.41845425  12.10905713 ...,  33.58399677  33.58417972
  33.58436265]","[  0.00000000e+00   7.51248455e+00   1.50249691e+01 ...,   1.00151436e+05
   1.00158948e+05   1.00166461e+05]"
"[  0.00000000e+00   3.03885405e-07   1.96691881e-06 ...,   1.96691880e-06
   3.03885403e-07   0.00000000e+00]","[ 0.          6.12380157  9.35304198 ...,  9.35304191  6.12380151  0.        ]","[        -inf  10.4374049   12.12800778 ...,  33.60294742  33.60313037
  33.6033133 ]","[  0.00000000e+00   7.57108214e+00   1.51421643e+01 ...,   1.00932620e+05
   1.00940191e+05   1.00947762e+05]"
"[  0.00000000e+00   2.83156426e-07   1.69289298e-06 ...,   1.69289297e-06
   2.83156424e-07   0.00000000e+00]","[ 0.          5.98403346  8.92688532 ...,  8.92688526  5.98403341  0.        ]","[        -inf  10.41590097  12.10650385 ...,  33.58144349  33.58162644
  33.58180937]","[  0.00000000e+00   7.50462425e+00   1.50092485e+01 ...,   1.00046647e+05
   1.00054152e+05   1.00061657e+05]"
"[  0.00000000e+00   3.01903582e-07   1.95044263e-06 ...,   1.95044262e-06
   3.01903580e-07   0.00000000e+00]","[ 0.          6.1124636   9.33083987 ...,  9.3308398   6.11246355  0.        ]","[        -inf  10.4336732   12.12427608 ...,  33.59921572  33.59939866
  33.5995816 ]","[  0.00000000e+00   7.55950726e+00   1.51190145e+01 ...,   1.00778311e+05
   1.00785871e+05   1.00793430e+05]"
"[  0.00000000e+00   2.82817167e-07   1.69773190e-06 ...,   1.69773189e-06
   2.82817165e-07   0.00000000e+00]","[ 0.          5.98334163  8.93687388 ...,  8.93687381  5.98334159  0.        ]","[        -inf  10.41382725  12.10443012 ...,  33.57936977  33.57955271
  33.57973565]","[  0.00000000e+00   7.49824633e+00   1.49964927e+01 ...,   9.99616212e+04
   9.99691195e+04   9.99766177e+04]"
"[  0.00000000e+00   3.00207243e-07   1.93606483e-06 ...,   1.93606482e-06
   3.00207241e-07   0.00000000e+00]","[ 0.          6.10266801  9.3112686  ...,  9.31126854  6.10266796  0.        ]","[        -inf  10.43050745  12.12111033 ...,  33.59604997  33.59623292
  33.59641585]","[  0.00000000e+00   7.54970171e+00   1.50994034e+01 ...,   1.00647590e+05
   1.00655140e+05   1.00662689e+05]"
"[  0.00000000e+00   2.82572248e-07   1.70235130e-06 ...,   1.70235129e-06
   2.82572247e-07   0.00000000e+00]","[ 0.          5.98304358  8.946158   ...,  8.94615793  5.98304354  0.        ]","[        -inf  10.41212278  12.10272566 ...,  33.5776653   33.57784825
  33.57803118]","[  0.00000000e+00   7.49300816e+00   1.49860163e+01 ...,   9.98917895e+04
   9.98992825e+04   9.99067755e+04]"
"[  0.00000000e+00   2.98741231e-07   1.92342991e-06 ...,   1.92342989e-06
   2.98741229e-07   0.00000000e+00]","[ 0.          6.09413338  9.29391903 ...,  9.29391896  6.09413333  0.        ]","[        -inf  10.427794    12.11839688 ...,  33.59333652  33.59351947
  33.59370241]","[  0.00000000e+00   7.54130724e+00   1.50826145e+01 ...,   1.00535681e+05
   1.00543222e+05   1.00550763e+05]"
"[  0.00000000e+00   2.82396914e-07   1.70672216e-06 ...,   1.70672216e-06
   2.82396912e-07   0.00000000e+00]","[ 0.          5.98302064  8.95476062 ...,  8.95476056  5.98302059  0.        ]","[        -inf  10.41070733  12.10131021 ...,  33.57624985  33.5764328
  33.57661573]","[  0.00000000e+00   7.48866096e+00   1.49773219e+01 ...,   9.98338355e+04
   9.98413242e+04   9.98488129e+04]"
"[  0.00000000e+00   2.97463717e-07   1.91225795e-06 ...,   1.91225794e-06
   2.97463715e-07   0.00000000e+00]","[ 0.          6.08664282  9.27846095 ...,  9.27846089  6.08664278  0.        ]","[        -inf  10.42544739  12.11605027 ...,  33.59098991  33.59117286
  33.5913558 ]","[  0.00000000e+00   7.53405517e+00   1.50681103e+01 ...,   1.00439001e+05
   1.00446535e+05   1.00454069e+05]"
"[  0.00000000e+00   2.82273492e-07   1.71083470e-06 ...,   1.71083469e-06
   2.82273490e-07   0.00000000e+00]","[ 0.          5.98318996  8.96271922 ...,  8.96271916  5.98318992  0.        ]","[        -inf  10.4095213   12.10012418 ...,  33.57506382  33.57524676
  33.5754297 ]","[  0.00000000e+00   7.48502031e+00   1.49700406e+01 ...,   9.97853008e+04
   9.97927858e+04   9.98002708e+04]"
"[  0.00000000e+00   2.96342361e-07   1.90232522e-06 ...,   1.90232521e-06
   2.96342359e-07   0.00000000e+00]","[ 0.          6.0800262   9.26462479 ...,  9.26462473  6.08002616  0.        ]","[        -inf  10.42340211  12.11400499 ...,  33.58894463  33.58912757
  33.58931051]","[  0.00000000e+00   7.52774000e+00   1.50554800e+01 ...,   1.00354811e+05
   1.00362339e+05   1.00369867e+05]"
"[  0.00000000e+00   2.82189160e-07   1.71469056e-06 ...,   1.71469056e-06
   2.82189159e-07   0.00000000e+00]","[ 0.          5.98349296  8.97007779 ...,  8.97007774  5.98349292  0.        ]","[        -inf  10.40851965  12.09912253 ...,  33.57406217  33.57424511
  33.57442805]","[  0.00000000e+00   7.48194702e+00   1.49638940e+01 ...,   9.97443297e+04
   9.97518117e+04   9.97592936e+04]"
"[  0.00000000e+00   2.95351748e-07   1.89345056e-06 ...,   1.89345055e-06
   2.95351746e-07   0.00000000e+00]","[ 0.          6.07414804  9.25218827 ...,  9.25218821  6.074148    0.        ]","[        -inf  10.42160709  12.11220997 ...,  33.58714961  33.58733256
  33.58751549]","[  0.00000000e+00   7.52220194e+00   1.50444039e+01 ...,   1.00280981e+05
   1.00288504e+05   1.00296026e+05]"
"[  0.00000000e+00   2.82134475e-07   1.71829809e-06 ...,   1.71829808e-06
   2.82134473e-07   0.00000000e+00]","[ 0.          5.98388774  8.97688222 ...,  8.97688217  5.9838877   0.        ]","[        -inf  10.40766781  12.09827069 ...,  33.57321033  33.57339327
  33.57357621]","[  0.00000000e+00   7.47933437e+00   1.49586687e+01 ...,   9.97094996e+04
   9.97169790e+04   9.97244583e+04]"
"[  0.00000000e+00   2.94471620e-07   1.88548571e-06 ...,   1.88548571e-06
   2.94471618e-07   0.00000000e+00]","[ 0.          6.06889908  9.24096654 ...,  9.24096649  6.06889903  0.        ]","[        -inf  10.42002198  12.11062486 ...,  33.5855645   33.58574744
  33.58593038]","[  0.00000000e+00   7.51731488e+00   1.50346298e+01 ...,   1.00215830e+05
   1.00223348e+05   1.00230865e+05]"
"[  0.00000000e+00   2.82102396e-07   1.72166928e-06 ...,   1.72166928e-06
   2.82102395e-07   0.00000000e+00]","[ 0.          5.9843441   8.98317764 ...,  8.98317759  5.98434407  0.        ]","[        -inf  10.40693886  12.09754174 ...,  33.57248138  33.57266433
  33.57284726]","[  0.00000000e+00   7.47709938e+00   1.49541988e+01 ...,   9.96797042e+04
   9.96871813e+04   9.96946584e+04]"
"[  0.00000000e+00   2.93685630e-07   1.87830817e-06 ...,   1.87830816e-06
   2.93685628e-07   0.00000000e+00]","[ 0.          6.0641902   9.23080476 ...,  9.23080471  6.06419016  0.        ]","[        -inf  10.41861445  12.10921733 ...,  33.58415697  33.58433992
  33.58452286]","[  0.00000000e+00   7.51297801e+00   1.50259560e+01 ...,   1.00158014e+05
   1.00165527e+05   1.00173040e+05]"
"[  0.00000000e+00   2.82087617e-07   1.72481797e-06 ...,   1.72481797e-06
   2.82087616e-07   0.00000000e+00]","[ 0.          5.98484013  8.98900704 ...,  8.98900699  5.98484009  0.        ]","[        -inf  10.40631162  12.0969145  ...,  33.57185414  33.57203708
  33.57222002]","[  0.00000000e+00   7.47517674e+00   1.49503535e+01 ...,   9.96540728e+04
   9.96615480e+04   9.96690231e+04]"
"[  0.00000000e+00   2.92980442e-07   1.87181585e-06 ...,   1.87181584e-06
   2.92980440e-07   0.00000000e+00]","[ 0.          6.05994799  9.22157231 ...,  9.22157225  6.05994795  0.        ]","[        -inf  10.41735836  12.10796124 ...,  33.58290088  33.58308383
  33.58326676]","[  0.00000000e+00   7.50910983e+00   1.50182197e+01 ...,   1.00106446e+05
   1.00113955e+05   1.00121464e+05]"
"[  0.00000000e+00   2.82086098e-07   1.72775866e-06 ...,   1.72775865e-06
   2.82086097e-07   0.00000000e+00]","[ 0.          5.98535985  8.99441053 ...,  8.99441048  5.98535982  0.        ]","[        -inf  10.40576918  12.09637206 ...,  33.5713117   33.57149464
  33.57167758]","[  0.00000000e+00   7.47351444e+00   1.49470289e+01 ...,   9.96319122e+04
   9.96393857e+04   9.96468592e+04]"
"[  0.00000000e+00   2.92345073e-07   1.86592303e-06 ...,   1.86592302e-06
   2.92345071e-07   0.00000000e+00]","[ 0.          6.05611147  9.21315833 ...,  9.21315828  6.05611144  0.        ]","[        -inf  10.4162323   12.10683518 ...,  33.58177482  33.58195776
  33.5821407 ]","[  0.00000000e+00   7.50564378e+00   1.50112876e+01 ...,   1.00060239e+05
   1.00067745e+05   1.00075250e+05]"
"[  0.00000000e+00   2.82094741e-07   1.73050580e-06 ...,   1.73050579e-06
   2.82094740e-07   0.00000000e+00]","[ 0.          5.98589162  8.99942507 ...,  8.99942502  5.98589159  0.        ]","[        -inf  10.40529796  12.09590084 ...,  33.57084048  33.57102343
  33.57120636]","[  0.00000000e+00   7.47207071e+00   1.49441414e+01 ...,   9.96126653e+04
   9.96201374e+04   9.96276095e+04]"
"[  0.00000000e+00   2.91770397e-07   1.86055726e-06 ...,   1.86055725e-06
   2.91770395e-07   0.00000000e+00]","[ 0.          6.05262955  9.20546823 ...,  9.20546818  6.05262952  0.        ]","[        -inf  10.41521861  12.10582149 ...,  33.58076113  33.58094408
  33.58112701]","[  0.00000000e+00   7.50252499e+00   1.50050500e+01 ...,   1.00018662e+05
   1.00026164e+05   1.00033667e+05]"
"[  0.00000000e+00   2.82111151e-07   1.73307341e-06 ...,   1.73307340e-06
   2.82111149e-07   0.00000000e+00]","[ 0.          5.98642694  9.00408446 ...,  9.00408442  5.9864269   0.        ]","[        -inf  10.40488694  12.09548982 ...,  33.57042946  33.57061241
  33.57079535]","[  0.00000000e+00   7.47081165e+00   1.49416233e+01 ...,   9.95958803e+04
   9.96033511e+04   9.96108220e+04]"
"[  0.00000000e+00   2.91248772e-07   1.85565691e-06 ...,   1.85565690e-06
   2.91248770e-07   0.00000000e+00]","[ 0.          6.04945914  9.19842084 ...,  9.19842079  6.04945911  0.        ]","[        -inf  10.41430261  12.10490549 ...,  33.57984513  33.58002807
  33.58021101]","[  0.00000000e+00   7.49970787e+00   1.49994157e+01 ...,   9.99811055e+04
   9.99886052e+04   9.99961049e+04]"
"[  0.00000000e+00   2.82133464e-07   1.73547478e-06 ...,   1.73547478e-06
   2.82133463e-07   0.00000000e+00]","[ 0.          5.98695963  9.00841944 ...,  9.00841939  5.98695959  0.        ]","[        -inf  10.40452711  12.09512999 ...,  33.57006963  33.57025257
  33.57043551]","[  0.00000000e+00   7.46970953e+00   1.49394191e+01 ...,   9.95811877e+04
   9.95886574e+04   9.95961271e+04]"
"[  0.00000000e+00   2.90773752e-07   1.85116925e-06 ...,   1.85116924e-06
   2.90773751e-07   0.00000000e+00]","[ 0.          6.04656365  9.1919462  ...,  9.19194615  6.04656362  0.        ]","[        -inf  10.41347198  12.10407485 ...,  33.5790145   33.57919744
  33.57938038]","[  0.00000000e+00   7.49715421e+00   1.49943084e+01 ...,   9.99470618e+04
   9.99545590e+04   9.99620561e+04]"
"[  0.00000000e+00   2.82160225e-07   1.73772243e-06 ...,   1.73772242e-06
   2.82160224e-07   0.00000000e+00]","[ 0.          5.98748523  9.01245786 ...,  9.01245782  5.9874852   0.        ]","[        -inf  10.40421101  12.09481389 ...,  33.56975353  33.56993648
  33.57011941]","[  0.00000000e+00   7.46874153e+00   1.49374831e+01 ...,   9.95682829e+04
   9.95757516e+04   9.95832204e+04]"
"[  0.00000000e+00   2.90339866e-07   1.84704894e-06 ...,   1.84704894e-06
   2.90339865e-07   0.00000000e+00]","[ 0.          6.04391184  9.1859837  ...,  9.18598365  6.04391181  0.        ]","[        -inf  10.41271632  12.1033192  ...,  33.57825884  33.57844179
  33.57862473]","[  0.00000000e+00   7.49483183e+00   1.49896637e+01 ...,   9.99161013e+04
   9.99235962e+04   9.99310910e+04]"
"[  0.00000000e+00   2.82190290e-07   1.73982797e-06 ...,   1.73982796e-06
   2.82190289e-07   0.00000000e+00]","[ 0.          5.98800058  9.01622493 ...,  9.01622489  5.98800055  0.        ]","[        -inf  10.40393249  12.09453537 ...,  33.56947501  33.56965796
  33.56984089]","[  0.00000000e+00   7.46788869e+00   1.49357774e+01 ...,   9.95569134e+04
   9.95643813e+04   9.95718491e+04]"
"[  0.00000000e+00   2.89942442e-07   1.84325680e-06 ...,   1.84325679e-06
   2.89942441e-07   0.00000000e+00]","[ 0.          6.04147685  9.18048065 ...,  9.18048061  6.04147682  0.        ]","[        -inf  10.41202683  12.10262971 ...,  33.57756935  33.57775229
  33.57793523]","[  0.00000000e+00   7.49271338e+00   1.49854268e+01 ...,   9.98878596e+04
   9.98953523e+04   9.99028451e+04]"
"[  0.00000000e+00   2.82222758e-07   1.74180215e-06 ...,   1.74180214e-06
   2.82222757e-07   0.00000000e+00]","[ 0.          5.98850345  9.01974343 ...,  9.01974339  5.98850342  0.        ]","[        -inf  10.40368638  12.09428926 ...,  33.5692289   33.56941185
  33.56959478]","[  0.00000000e+00   7.46713519e+00   1.49342704e+01 ...,   9.95468683e+04
   9.95543354e+04   9.95618025e+04]"
"[  0.00000000e+00   2.89577466e-07   1.83975878e-06 ...,   1.83975878e-06
   2.89577465e-07   0.00000000e+00]","[ 0.          6.03923553  9.17539103 ...,  9.17539099  6.0392355   0.        ]","[        -inf  10.41139594  12.10199882 ...,  33.57693846  33.57712141
  33.57730434]","[  0.00000000e+00   7.49077554e+00   1.49815511e+01 ...,   9.98620257e+04
   9.98695164e+04   9.98770072e+04]"
"[  0.00000000e+00   2.82256918e-07   1.74365490e-06 ...,   1.74365489e-06
   2.82256916e-07   0.00000000e+00]","[ 0.          5.98899237  9.02303396 ...,  9.02303392  5.98899234  0.        ]","[        -inf  10.40346837  12.09407125 ...,  33.56901089  33.56919383
  33.56937677]","[  0.00000000e+00   7.46646776e+00   1.49329355e+01 ...,   9.95379705e+04
   9.95454370e+04   9.95529034e+04]"
"[  0.00000000e+00   2.89241474e-07   1.83652525e-06 ...,   1.83652524e-06
   2.89241473e-07   0.00000000e+00]","[ 0.          6.03716777  9.17067449 ...,  9.17067445  6.03716774  0.        ]","[        -inf  10.41081719  12.10142007 ...,  33.57635971  33.57654266
  33.57672559]","[  0.00000000e+00   7.48899829e+00   1.49779966e+01 ...,   9.98383325e+04
   9.98458215e+04   9.98533105e+04]"
"[  0.00000000e+00   2.82292206e-07   1.74539532e-06 ...,   1.74539531e-06
   2.82292204e-07   0.00000000e+00]","[ 0.          5.98946636  9.02611511 ...,  9.02611507  5.98946633  0.        ]","[        -inf  10.40327478  12.09387766 ...,  33.5688173   33.56900025
  33.56918318]","[  0.00000000e+00   7.46587517e+00   1.49317503e+01 ...,   9.95300706e+04
   9.95375365e+04   9.95450023e+04]"
"[  0.00000000e+00   2.88931462e-07   1.83353021e-06 ...,   1.83353021e-06
   2.88931461e-07   0.00000000e+00]","[ 0.          6.03525606  9.16629556 ...,  9.16629552  6.03525603  0.        ]","[        -inf  10.41028499  12.10088787 ...,  33.57582751  33.57601046
  33.57619339]","[  0.00000000e+00   7.48736434e+00   1.49747287e+01 ...,   9.98165498e+04
   9.98240372e+04   9.98315246e+04]"
"[  0.00000000e+00   2.82328176e-07   1.74703178e-06 ...,   1.74703177e-06
   2.82328175e-07   0.00000000e+00]","[ 0.          5.98992489  9.02900371 ...,  9.02900367  5.98992486  0.        ]","[        -inf  10.40310253  12.09370541 ...,  33.56864505  33.568828
  33.56901093]","[  0.00000000e+00   7.46534793e+00   1.49306959e+01 ...,   9.95230416e+04
   9.95305070e+04   9.95379723e+04]"
"[  0.00000000e+00   2.88644813e-07   1.83075087e-06 ...,   1.83075086e-06
   2.88644811e-07   0.00000000e+00]","[ 0.          6.03348509  9.16222292 ...,  9.16222288  6.03348507  0.        ]","[        -inf  10.40979448  12.10039736 ...,  33.575337    33.57551995
  33.57570288]","[  0.00000000e+00   7.48585873e+00   1.49717175e+01 ...,   9.97964780e+04
   9.98039639e+04   9.98114497e+04]"
"[  0.00000000e+00   2.82364476e-07   1.74857194e-06 ...,   1.74857194e-06
   2.82364475e-07   0.00000000e+00]","[ 0.          5.9903677   9.03171499 ...,  9.03171496  5.99036767  0.        ]","[        -inf  10.40294896  12.09355184 ...,  33.56849148  33.56867443
  33.56885736]","[  0.00000000e+00   7.46487790e+00   1.49297558e+01 ...,   9.95167755e+04
   9.95242404e+04   9.95317053e+04]"
"[  0.00000000e+00   2.88379235e-07   1.82816709e-06 ...,   1.82816709e-06
   2.88379234e-07   0.00000000e+00]","[ 0.          6.03184141  9.15842882 ...,  9.15842878  6.03184138  0.        ]","[        -inf  10.40934145  12.09994433 ...,  33.57488397  33.57506692
  33.57524985]","[  0.00000000e+00   7.48446841e+00   1.49689368e+01 ...,   9.97779432e+04
   9.97854276e+04   9.97929121e+04]"
"[  0.00000000e+00   2.82400826e-07   1.75002284e-06 ...,   1.75002284e-06
   2.82400825e-07   0.00000000e+00]","[ 0.          5.99079476  9.03426276 ...,  9.03426273  5.99079474  0.        ]","[        -inf  10.40281181  12.09341469 ...,  33.56835433  33.56853728
  33.56872021]","[  0.00000000e+00   7.46445814e+00   1.49289163e+01 ...,   9.95111797e+04
   9.95186441e+04   9.95261086e+04]"
"[  0.00000000e+00   2.88132719e-07   1.82576109e-06 ...,   1.82576108e-06
   2.88132718e-07   0.00000000e+00]","[ 0.          6.03031315  9.15488863 ...,  9.15488859  6.03031312  0.        ]","[        -inf  10.4089222   12.09952508 ...,  33.57446472  33.57464766
  33.5748306 ]","[  0.00000000e+00   7.48318198e+00   1.49663640e+01 ...,   9.97607934e+04
   9.97682766e+04   9.97757598e+04]"
"[  0.00000000e+00   2.82437008e-07   1.75139091e-06 ...,   1.75139091e-06
   2.82437007e-07   0.00000000e+00]","[ 0.          5.99120623  9.03665952 ...,  9.03665949  5.9912062   0.        ]","[        -inf  10.40268913  12.09329201 ...,  33.56823165  33.56841459
  33.56859753]","[  0.00000000e+00   7.46408269e+00   1.49281654e+01 ...,   9.95061744e+04
   9.95136385e+04   9.95211025e+04]"
"[  0.00000000e+00   2.87903491e-07   1.82351705e-06 ...,   1.82351704e-06
   2.87903490e-07   0.00000000e+00]","[ 0.          6.02888983  9.15158041 ...,  9.15158037  6.0288898   0.        ]","[        -inf  10.40853348  12.09913636 ...,  33.574076    33.57425895
  33.57444188]","[  0.00000000e+00   7.48198945e+00   1.49639789e+01 ...,   9.97448954e+04
   9.97523773e+04   9.97598593e+04]"
"[  0.00000000e+00   2.82472848e-07   1.75268205e-06 ...,   1.75268205e-06
   2.82472846e-07   0.00000000e+00]","[ 0.          5.99160235  9.03891665 ...,  9.03891662  5.99160233  0.        ]","[        -inf  10.40257923  12.09318211 ...,  33.56812175  33.5683047
  33.56848763]","[  0.00000000e+00   7.46374638e+00   1.49274928e+01 ...,   9.95016909e+04
   9.95091547e+04   9.95166184e+04]"
"[  0.00000000e+00   2.87689983e-07   1.82142092e-06 ...,   1.82142091e-06
   2.87689982e-07   0.00000000e+00]","[ 0.          6.02756213  9.14848455 ...,  9.14848452  6.02756211  0.        ]","[        -inf  10.40817244  12.09877531 ...,  33.57371496  33.5738979
  33.57408084]","[  0.00000000e+00   7.48088199e+00   1.49617640e+01 ...,   9.97301315e+04
   9.97376124e+04   9.97450932e+04]"
"[  0.00000000e+00   2.82508211e-07   1.75390166e-06 ...,   1.75390166e-06
   2.82508210e-07   0.00000000e+00]","[ 0.          5.9919835   9.04104447 ...,  9.04104444  5.99198347  0.        ]","[        -inf  10.40248066  12.09308354 ...,  33.56802318  33.56820613
  33.56838906]","[  0.00000000e+00   7.46344475e+00   1.49268895e+01 ...,   9.94976698e+04
   9.95051333e+04   9.95125967e+04]"
"[  0.00000000e+00   2.87490803e-07   1.81946014e-06 ...,   1.81946013e-06
   2.87490802e-07   0.00000000e+00]","[ 0.          6.02632179  9.1455835  ...,  9.14558347  6.02632176  0.        ]","[        -inf  10.40783654  12.09843942 ...,  33.57337906  33.57356201
  33.57374494]","[  0.00000000e+00   7.47985182e+00   1.49597036e+01 ...,   9.97163980e+04
   9.97238778e+04   9.97313577e+04]"
"[  0.00000000e+00   2.82542996e-07   1.75505471e-06 ...,   1.75505471e-06
   2.82542995e-07   0.00000000e+00]","[ 0.          5.99235006  9.04305241 ...,  9.04305238  5.99235004  0.        ]","[        -inf  10.40239215  12.09299503 ...,  33.56793467  33.56811762
  33.56830055]","[  0.00000000e+00   7.46317392e+00   1.49263478e+01 ...,   9.94940593e+04
   9.95015224e+04   9.95089856e+04]"
"[  0.00000000e+00   2.87304712e-07   1.81762347e-06 ...,   1.81762346e-06
   2.87304711e-07   0.00000000e+00]","[ 0.          6.02516139  9.14286149 ...,  9.14286146  6.02516137  0.        ]","[        -inf  10.40752355  12.09812643 ...,  33.57306607  33.57324902
  33.57343196]","[  0.00000000e+00   7.47889203e+00   1.49577841e+01 ...,   9.97036027e+04
   9.97110816e+04   9.97185605e+04]"
"[  0.00000000e+00   2.82577122e-07   1.75614576e-06 ...,   1.75614575e-06
   2.82577121e-07   0.00000000e+00]","[ 0.          5.99270251  9.04494904 ...,  9.04494901  5.99270249  0.        ]","[        -inf  10.4023126   12.09291548 ...,  33.56785512  33.56803807
  33.568221  ]","[  0.00000000e+00   7.46293050e+00   1.49258610e+01 ...,   9.94908141e+04
   9.94982771e+04   9.95057400e+04]"
"[  0.00000000e+00   2.87130604e-07   1.81590083e-06 ...,   1.81590082e-06
   2.87130603e-07   0.00000000e+00]","[ 0.          6.02407432  9.14030433 ...,  9.1403043   6.0240743   0.        ]","[        -inf  10.40723148  12.09783436 ...,  33.572774    33.57295694
  33.57313988]","[  0.00000000e+00   7.47799648e+00   1.49559930e+01 ...,   9.96916637e+04
   9.96991417e+04   9.97066197e+04]"
"[  0.00000000e+00   2.82610532e-07   1.75717898e-06 ...,   1.75717897e-06
   2.82610531e-07   0.00000000e+00]","[ 0.          5.99304132  9.04674221 ...,  9.04674218  5.9930413   0.        ]","[        -inf  10.40224103  12.09284391 ...,  33.56778355  33.5679665
  33.56814943]","[  0.00000000e+00   7.46271153e+00   1.49254231e+01 ...,   9.94878950e+04
   9.94953577e+04   9.95028204e+04]"
"[  0.00000000e+00   2.86967489e-07   1.81428313e-06 ...,   1.81428313e-06
   2.86967488e-07   0.00000000e+00]","[ 0.          6.02305464  9.13789922 ...,  9.13789919  6.02305462  0.        ]","[        -inf  10.40695853  12.09756141 ...,  33.57250105  33.572684
  33.57286693]","[  0.00000000e+00   7.47715967e+00   1.49543193e+01 ...,   9.96805080e+04
   9.96879852e+04   9.96954623e+04]"
"[  0.00000000e+00   2.82643183e-07   1.75815822e-06 ...,   1.75815821e-06
   2.82643182e-07   0.00000000e+00]","[ 0.          5.99336698  9.04843908 ...,  9.04843905  5.99336695  0.        ]","[        -inf  10.40217661  12.09277949 ...,  33.56771913  33.56790208
  33.56808501]","[  0.00000000e+00   7.46251441e+00   1.49250288e+01 ...,   9.94852671e+04
   9.94927296e+04   9.95001921e+04]"
"[  0.00000000e+00   2.86814478e-07   1.81276221e-06 ...,   1.81276220e-06
   2.86814477e-07   0.00000000e+00]","[ 0.          6.022097    9.13563458 ...,  9.13563455  6.02209698  0.        ]","[        -inf  10.40670312  12.097306   ...,  33.57224564  33.57242859
  33.57261152]","[  0.00000000e+00   7.47637672e+00   1.49527534e+01 ...,   9.96700701e+04
   9.96775465e+04   9.96850229e+04]"
"[  0.00000000e+00   2.82675046e-07   1.75908702e-06 ...,   1.75908702e-06
   2.82675045e-07   0.00000000e+00]","[ 0.          5.99367998  9.05004621 ...,  9.05004618  5.99367996  0.        ]","[        -inf  10.40211858  12.09272146 ...,  33.5676611   33.56784405
  33.56802698]","[  0.00000000e+00   7.46233686e+00   1.49246737e+01 ...,   9.94829002e+04
   9.94903625e+04   9.94978248e+04]"
"[  0.00000000e+00   2.86670770e-07   1.81133066e-06 ...,   1.81133065e-06
   2.86670769e-07   0.00000000e+00]","[ 0.          6.02119659  9.13349994 ...,  9.13349991  6.02119657  0.        ]","[        -inf  10.40646381  12.09706669 ...,  33.57200633  33.57218928
  33.57237221]","[  0.00000000e+00   7.47564321e+00   1.49512864e+01 ...,   9.96602915e+04
   9.96677671e+04   9.96752427e+04]"
"[  0.00000000e+00   2.82706101e-07   1.75996866e-06 ...,   1.75996865e-06
   2.82706100e-07   0.00000000e+00]","[ 0.          5.99398084  9.05156962 ...,  9.0515696   5.99398082  0.        ]","[        -inf  10.40206628  12.09266916 ...,  33.5676088   33.56779175
  33.56797469]","[  0.00000000e+00   7.46217687e+00   1.49243537e+01 ...,   9.94807672e+04
   9.94882294e+04   9.94956916e+04]"
"[  0.00000000e+00   2.86535645e-07   1.80998178e-06 ...,   1.80998178e-06
   2.86535644e-07   0.00000000e+00]","[ 0.          6.02034903  9.13148576 ...,  9.13148574  6.02034901  0.        ]","[        -inf  10.40623933  12.09684221 ...,  33.57178185  33.57196479
  33.57214773]","[  0.00000000e+00   7.47495519e+00   1.49499104e+01 ...,   9.96511192e+04
   9.96585942e+04   9.96660691e+04]"
"[  0.00000000e+00   2.82736338e-07   1.76080612e-06 ...,   1.76080612e-06
   2.82736338e-07   0.00000000e+00]","[ 0.          5.99427003  9.05301484 ...,  9.05301481  5.99427001  0.        ]","[        -inf  10.40201914  12.09262202 ...,  33.56756166  33.56774461
  33.56792755]","[  0.00000000e+00   7.46203264e+00   1.49240653e+01 ...,   9.94788445e+04
   9.94863065e+04   9.94937686e+04]"
"[  0.00000000e+00   2.86408450e-07   1.80870950e-06 ...,   1.80870950e-06
   2.86408449e-07   0.00000000e+00]","[ 0.          6.01955039  9.1295834  ...,  9.12958337  6.01955038  0.        ]","[        -inf  10.4060285   12.09663138 ...,  33.57157102  33.57175397
  33.5719369 ]","[  0.00000000e+00   7.47430909e+00   1.49486182e+01 ...,   9.96425059e+04
   9.96499802e+04   9.96574545e+04]"
"[  0.00000000e+00   2.82765755e-07   1.76160220e-06 ...,   1.76160220e-06
   2.82765754e-07   0.00000000e+00]","[ 0.          5.99454804  9.05438694 ...,  9.05438692  5.99454802  0.        ]","[        -inf  10.40197664  12.09257952 ...,  33.56751916  33.56770211
  33.56788504]","[  0.00000000e+00   7.46190261e+00   1.49238052e+01 ...,   9.94771110e+04
   9.94845729e+04   9.94920349e+04]"
"[  0.00000000e+00   2.86288593e-07   1.80750829e-06 ...,   1.80750828e-06
   2.86288592e-07   0.00000000e+00]","[ 0.          6.01879709  9.12778496 ...,  9.12778493  6.01879707  0.        ]","[        -inf  10.40583029  12.09643317 ...,  33.57137281  33.57155575
  33.57173869]","[  0.00000000e+00   7.47370169e+00   1.49474034e+01 ...,   9.96344085e+04
   9.96418822e+04   9.96493559e+04]"
"[  0.00000000e+00   2.82794352e-07   1.76235946e-06 ...,   1.76235945e-06
   2.82794352e-07   0.00000000e+00]","[ 0.          5.99481534  9.0556906  ...,  9.05569058  5.99481532  0.        ]","[        -inf  10.40193832  12.0925412  ...,  33.56748084  33.56766379
  33.56784672]","[  0.00000000e+00   7.46178538e+00   1.49235708e+01 ...,   9.94755481e+04
   9.94830099e+04   9.94904717e+04]"
"[  0.00000000e+00   2.86175538e-07   1.80637310e-06 ...,   1.80637310e-06
   2.86175537e-07   0.00000000e+00]","[ 0.          6.01808585  9.12608323 ...,  9.1260832   6.01808583  0.        ]","[        -inf  10.40564374  12.09624662 ...,  33.57118626  33.5713692
  33.57155214]","[  0.00000000e+00   7.47313008e+00   1.49462602e+01 ...,   9.96267882e+04
   9.96342613e+04   9.96417344e+04]"
"[  0.00000000e+00   2.82822137e-07   1.76308026e-06 ...,   1.76308026e-06
   2.82822137e-07   0.00000000e+00]","[ 0.          5.99507238  9.05693014 ...,  9.05693011  5.99507236  0.        ]","[        -inf  10.40190377  12.09250665 ...,  33.56744629  33.56762924
  33.56781218]","[  0.00000000e+00   7.46167968e+00   1.49233594e+01 ...,   9.94741391e+04
   9.94816008e+04   9.94890624e+04]"
"[  0.00000000e+00   2.86068797e-07   1.80529935e-06 ...,   1.80529935e-06
   2.86068796e-07   0.00000000e+00]","[ 0.          6.01741371  9.12447162 ...,  9.12447159  6.01741369  0.        ]","[        -inf  10.40546799  12.09607087 ...,  33.57101051  33.57119345
  33.57137639]","[  0.00000000e+00   7.47259161e+00   1.49451832e+01 ...,   9.96196096e+04
   9.96270822e+04   9.96345548e+04]"
"[  0.00000000e+00   2.82849119e-07   1.76376682e-06 ...,   1.76376682e-06
   2.82849119e-07   0.00000000e+00]","[ 0.          5.99531959  9.05810952 ...,  9.0581095   5.99531957  0.        ]","[        -inf  10.40187264  12.09247552 ...,  33.56741516  33.5675981
  33.56778104]","[  0.00000000e+00   7.46158442e+00   1.49231688e+01 ...,   9.94728691e+04
   9.94803307e+04   9.94877923e+04]"
"[  0.00000000e+00   2.85967925e-07   1.80428284e-06 ...,   1.80428283e-06
   2.85967924e-07   0.00000000e+00]","[ 0.          6.01677796  9.1229441  ...,  9.12294408  6.01677794  0.        ]","[        -inf  10.40530226  12.09590513 ...,  33.57084478  33.57102772
  33.57121066]","[  0.00000000e+00   7.47208386e+00   1.49441677e+01 ...,   9.96128407e+04
   9.96203128e+04   9.96277849e+04]"
"[  0.00000000e+00   2.82875311e-07   1.76442116e-06 ...,   1.76442116e-06
   2.82875311e-07   0.00000000e+00]","[ 0.          5.99555741  9.05923243 ...,  9.0592324   5.99555739  0.        ]","[        -inf  10.40184458  12.09244746 ...,  33.5673871   33.56757005
  33.56775298]","[  0.00000000e+00   7.46149860e+00   1.49229972e+01 ...,   9.94717250e+04
   9.94791865e+04   9.94866480e+04]"
"[  0.00000000e+00   2.85872515e-07   1.80331970e-06 ...,   1.80331970e-06
   2.85872514e-07   0.00000000e+00]","[ 0.          6.01617611  9.12149514 ...,  9.12149511  6.0161761   0.        ]","[        -inf  10.40514583  12.09574871 ...,  33.57068835  33.5708713
  33.57105423]","[  0.00000000e+00   7.47160466e+00   1.49432093e+01 ...,   9.96064522e+04
   9.96139238e+04   9.96213954e+04]"
"[  0.00000000e+00   2.82900728e-07   1.76504517e-06 ...,   1.76504517e-06
   2.82900727e-07   0.00000000e+00]","[ 0.          5.99578623  9.06030226 ...,  9.06030223  5.99578621  0.        ]","[        -inf  10.40181932  12.0924222  ...,  33.56736184  33.56754479
  33.56772772]","[  0.00000000e+00   7.46142132e+00   1.49228426e+01 ...,   9.94706948e+04
   9.94781562e+04   9.94856176e+04]"
"[  0.00000000e+00   2.85782195e-07   1.80240642e-06 ...,   1.80240642e-06
   2.85782194e-07   0.00000000e+00]","[ 0.          6.0156059   9.12011963 ...,  9.12011961  6.01560589  0.        ]","[        -inf  10.40499806  12.09560094 ...,  33.57054058  33.57072352
  33.57090646]","[  0.00000000e+00   7.47115199e+00   1.49423040e+01 ...,   9.96004176e+04
   9.96078887e+04   9.96153599e+04]"
"[  0.00000000e+00   2.82925385e-07   1.76564062e-06 ...,   1.76564062e-06
   2.82925384e-07   0.00000000e+00]","[ 0.          5.99600644  9.06132216 ...,  9.06132214  5.99600642  0.        ]","[        -inf  10.4017966   12.09239947 ...,  33.56733912  33.56752206
  33.567705  ]","[  0.00000000e+00   7.46135180e+00   1.49227036e+01 ...,   9.94697679e+04
   9.94772293e+04   9.94846906e+04]"
"[  0.00000000e+00   2.85696626e-07   1.80153975e-06 ...,   1.80153975e-06
   2.85696625e-07   0.00000000e+00]","[ 0.          6.01506524  9.11881291 ...,  9.11881288  6.01506523  0.        ]","[        -inf  10.40485834  12.09546122 ...,  33.57040086  33.57058381
  33.57076674]","[  0.00000000e+00   7.47072403e+00   1.49414481e+01 ...,   9.95947123e+04
   9.96021830e+04   9.96096538e+04]"
"[  0.00000000e+00   2.82949300e-07   1.76620912e-06 ...,   1.76620912e-06
   2.82949300e-07   0.00000000e+00]","[ 0.          5.99621842  9.06229506 ...,  9.06229504  5.9962184   0.        ]","[        -inf  10.40177617  12.09237905 ...,  33.56731869  33.56750163
  33.56768457]","[  0.00000000e+00   7.46128931e+00   1.49225786e+01 ...,   9.94689349e+04
   9.94763961e+04   9.94838574e+04]"
"[  0.00000000e+00   2.85615494e-07   1.80071671e-06 ...,   1.80071670e-06
   2.85615494e-07   0.00000000e+00]","[ 0.          6.01455222  9.11757065 ...,  9.11757062  6.0145522   0.        ]","[        -inf  10.40472614  12.09532902 ...,  33.57026866  33.57045161
  33.57063454]","[  0.00000000e+00   7.47031911e+00   1.49406382e+01 ...,   9.95893142e+04
   9.95967845e+04   9.96042548e+04]"
"[  0.00000000e+00   2.82972492e-07   1.76675221e-06 ...,   1.76675221e-06
   2.82972492e-07   0.00000000e+00]","[ 0.          5.99642252  9.06322366 ...,  9.06322364  5.9964225   0.        ]","[        -inf  10.40175783  12.09236071 ...,  33.56730035  33.5674833
  33.56766623]","[  0.00000000e+00   7.46123321e+00   1.49224664e+01 ...,   9.94681869e+04
   9.94756482e+04   9.94831094e+04]"
"[  0.00000000e+00   2.85538513e-07   1.79993454e-06 ...,   1.79993453e-06
   2.85538512e-07   0.00000000e+00]","[ 0.          6.01406506  9.11638886 ...,  9.11638884  6.01406504  0.        ]","[        -inf  10.40460095  12.09520383 ...,  33.57014347  33.57032642
  33.57050935]","[  0.00000000e+00   7.46993569e+00   1.49398714e+01 ...,   9.95842026e+04
   9.95916726e+04   9.95991425e+04]"
"[  0.00000000e+00   2.82994979e-07   1.76727129e-06 ...,   1.76727129e-06
   2.82994979e-07   0.00000000e+00]","[ 0.          5.99661908  9.06411049 ...,  9.06411047  5.99661906  0.        ]","[        -inf  10.40174139  12.09234427 ...,  33.56728391  33.56746686
  33.56764979]","[  0.00000000e+00   7.46118291e+00   1.49223658e+01 ...,   9.94675165e+04
   9.94749777e+04   9.94824388e+04]"
"[  0.00000000e+00   2.85465417e-07   1.79919070e-06 ...,   1.79919070e-06
   2.85465416e-07   0.00000000e+00]","[ 0.          6.01360215  9.11526388 ...,  9.11526386  6.01360213  0.        ]","[        -inf  10.40448231  12.09508519 ...,  33.57002483  33.57020778
  33.57039072]","[  0.00000000e+00   7.46957235e+00   1.49391447e+01 ...,   9.95793589e+04
   9.95868285e+04   9.95942981e+04]"
"[  0.00000000e+00   2.83016781e-07   1.76776768e-06 ...,   1.76776768e-06
   2.83016780e-07   0.00000000e+00]","[ 0.          5.99680842  9.06495789 ...,  9.06495787  5.99680841  0.        ]","[        -inf  10.40172667  12.09232955 ...,  33.56726919  33.56745214
  33.56763508]","[  0.00000000e+00   7.46113790e+00   1.49222758e+01 ...,   9.94669165e+04
   9.94743776e+04   9.94818387e+04]"
"[  0.00000000e+00   2.85395963e-07   1.79848287e-06 ...,   1.79848286e-06
   2.85395963e-07   0.00000000e+00]","[ 0.          6.01316198  9.11419229 ...,  9.11419227  6.01316197  0.        ]","[        -inf  10.40436981  12.09497269 ...,  33.56991233  33.57009528
  33.57027821]","[  0.00000000e+00   7.46922781e+00   1.49384556e+01 ...,   9.95747657e+04
   9.95822350e+04   9.95897042e+04]"
"[  0.00000000e+00   2.83037917e-07   1.76824261e-06 ...,   1.76824261e-06
   2.83037916e-07   0.00000000e+00]","[ 0.          5.99699086  9.06576804 ...,  9.06576802  5.99699085  0.        ]","[        -inf  10.40171353  12.09231641 ...,  33.56725605  33.567439
  33.56762194]","[  0.00000000e+00   7.46109771e+00   1.49221954e+01 ...,   9.94663806e+04
   9.94738417e+04   9.94813028e+04]"
"[  0.00000000e+00   2.85329926e-07   1.79780886e-06 ...,   1.79780886e-06
   2.85329926e-07   0.00000000e+00]","[ 0.          6.01274317  9.11317094 ...,  9.11317092  6.01274316  0.        ]","[        -inf  10.40426305  12.09486593 ...,  33.56980557  33.56998851
  33.57017145]","[  0.00000000e+00   7.46890087e+00   1.49378017e+01 ...,   9.95704071e+04
   9.95778760e+04   9.95853449e+04]"
"[  0.00000000e+00   2.83058406e-07   1.76869724e-06 ...,   1.76869723e-06
   2.83058405e-07   0.00000000e+00]","[ 0.          5.99716669  9.06654297 ...,  9.06654295  5.99716667  0.        ]","[        -inf  10.40170183  12.09230471 ...,  33.56724435  33.56742729
  33.56761023]","[  0.00000000e+00   7.46106189e+00   1.49221238e+01 ...,   9.94659031e+04
   9.94733642e+04   9.94808252e+04]"
"[  0.00000000e+00   2.85267098e-07   1.79716667e-06 ...,   1.79716667e-06
   2.85267098e-07   0.00000000e+00]","[ 0.          6.01234444  9.11219691 ...,  9.11219689  6.01234442  0.        ]","[        -inf  10.40416166  12.09476454 ...,  33.56970418  33.56988713
  33.57007007]","[  0.00000000e+00   7.46859042e+00   1.49371808e+01 ...,   9.95662684e+04
   9.95737370e+04   9.95812056e+04]"
